Workbook
Name AC: #REF!
Name ACC: #REF!
Name actividades_tarifas: '[1]Actividades '!$B$12:$J$40
Name AD: #REF!
Name Año_1: #REF!
Name Año_2: #REF!
Name AOP: #REF!
Name ARL: [2]Tablas!$A$12:$B$17
Name AS: #REF!
Name BE: #REF!
Name Bimestralmente: #REF!
Name BP_APERTURA: #REF!
Name BP_Diciembre_Año_2: #REF!
Name BP_Enero_Año_1: #REF!
Name CIR: #REF!
Name Codigo_Ctro_Costos_Grupo: #REF!
Name Codigo_CtroCostos: #REF!
Name Codigo1: [3]Año_1!$A$1:$A$65536
Name Codigos_PUC: #REF!
Name CR: #REF!
Name Cuatrimestralmente: #REF!
Name CV: #REF!
Name DC: #REF!
Name DII: [4]Normativa!$E$46:$F$55
Name DIP: [4]Normativa!$M$20:$N$29
Name ECP: #REF!
Name ECPC: #REF!
Name EFE: #REF!
Name EGC: [4]Normativa!$N$162:$O$171
Name ENGC: [4]Normativa!$J$162:$K$261
Name ERC: #REF!
Name ETC: #REF!
Name EYE: #REF!
Name GCI: [4]Normativa!$E$33:$F$42
Name GCII: [4]Normativa!$I$33:$J$42
Name GCIII: [4]Normativa!$M$33:$N$42
Name GIMP: #REF!
Name GMF: [4]Normativa!$J$59:$M$110
Name GTOS: #REF!
Name HTEFE: #REF!
Name IBC: '[2]EJ1 Prest. servicios'!$D$14
Name IBC_2: '[2]EJ2 Prest. servicios'!$D$14
Name IBC_3: '[2]EJ3 Prest. servicios'!$D$16
Name IBC_4: '[2]EJ4 Otros independientes'!$D$13
Name IBC_42: '[2]EJ4 Otros independientes'!$G$13
Name IBC_5: '[2]EJ5 Otros independientes'!$D$17
Name IBC_52: '[2]EJ5 Otros independientes'!$G$17
Name IBC_6: #REF!
Name IBC_62: #REF!
Name ID: #REF!
Name IGF: #REF!
Name Indices: [5]Datos!$D$12:$D$15
Name INT: #REF!
Name INV: #REF!
Name INVER: #REF!
Name IPA: #REF!
Name IPC: #REF!
Name IPP: [4]Normativa!$I$46:$J$55
Name IR: [4]Normativa!$M$46:$N$55
Name IVA: [4]Normativa!$E$20:$K$29

Sheet Introducción
B3: Formato para el control de vacaciones en empleados
B5: (Fecha de actualización: mayo 14 de 2026)
B7: Este formato diseñado en Excel te permite hacer un seguimiento de los días de vacaciones disfrutados durante un año por tus empleados, así como de los días pendientes por disfrutar al final del período. Todo se visualiza de forma práctica en un cronograma automático. ¡Úsalo ahora!
B8: Mediante nuestro modelo podrás realizar un seguimiento de las vacaciones de tus empleados, teniendo en cuenta para cada trabajador los siguientes datos:
B10: - Días pendientes por disfrutar al inicio del período.
B11: - Fecha en que cumple un período adicional de vacaciones.
B12: - Días totales de vacaciones pendientes por disfrutar.
B13: - Días hábiles de vacaciones solicitados por el trabajador.
B14: - Días de vacaciones pendientes al final del período.
B15: - Alerta para los días mínimos de vacaciones que debe disfrutar el empleado durante el año según lo expuestos por el artículo 190 del Código Sustantivo del Trabajo –CST–).
B17: Esta información te será útil para programar fácilmente las vacaciones de tus empleados evitando que se afecten las actividades de la empresa.
B19: Nota: la más reciente Ley de reforma laboral 2466 de junio 25 de 2025 no efectuó cambio alguno en la liquidación, el pago o el disfrute de las vacaciones. Te invitamos a explorar los demás ajustes realizados a la legislación laboral colombiana y su fecha de entrada en vigor.
... B47: Las vacaciones laborales en Colombia son un derecho fundamental para los trabajadores y una obligación para los empleadores. En este contenido de 360 grados te explicamos cómo se conceden, cuándo se pueden disfrutar y cómo se deben liquidar según la legislación laboral vigente.

Sheet Vacaciones
B3: =+Introducción!B3 -> Formato para el control de vacaciones en empleados
C5: =+Introducción!B5 -> (Fecha de actualización: mayo 14 de 2026)
C7: Para desplazarse entre las fechas haga clic en la siguiente barra:
C11: 127 | D11: =F12+C11 -> 46150
C12: Fecha de inicio del período | F12: 46023
H14: VACACIONES | Q14: =IFERROR(VLOOKUP(Q15,Festivos!$B$5:$C$22,2,FALSE),"") | R14: =IFERROR(VLOOKUP(R15,Festivos!$B$5:$C$22,2,FALSE),"") | S14: =IFERROR(VLOOKUP(S15,Festivos!$B$5:$C$22,2,FALSE),"") | T14: =IFERROR(VLOOKUP(T15,Festivos!$B$5:$C$22,2,FALSE),"") | U14: =IFERROR(VLOOKUP(U15,Festivos!$B$5:$C$22,2,FALSE),"") | V14: =IFERROR(VLOOKUP(V15,Festivos!$B$5:$C$22,2,FALSE),"") | W14: =IFERROR(VLOOKUP(W15,Festivos!$B$5:$C$22,2,FALSE),"") | X14: =IFERROR(VLOOKUP(X15,Festivos!$B$5:$C$22,2,FALSE),"") | ... AR14: =IFERROR(VLOOKUP(AR15,Festivos!$B$5:$C$22,2,FALSE),"")
B15: ID | C15: Nombre del empleado | D15: Número de identificación | E15: Días de vacaciones pendientes al inicio del período | F15: Fecha en que se cumple un periodo adicional de vacaciones | G15: Días totales de vacaciones pendientes por disfrutar (este cálculo es año cumplido) | H15: Días hábiles solicitados por el trabajador para el período 1 | I15: Fecha de inicio de las vacaciones disfrutadas del período 1 | J15: Fecha final de las vacaciones disfrutadas del período 1 | K15: Días hábiles solicitados por el trabajador para el período 2 | L15: Fecha de inicio de las vacaciones disfrutadas del período 2 | M15: Fecha final de las vacaciones disfrutadas del período 2 | N15: Total de días tomados en el período | O15: Días mínimos de vacaciones en el año (art. 190 del CST) | P15: Días de vacaciones pendientes al final del período | Q15: =+D11 -> 46150 | R15: =+Q15+1 -> 46151 | S15: =+R15+1 -> 46152 | T15: =+S15+1 -> 46153 | U15: =+T15+1 -> 46154 | V15: =+U15+1 -> 46155 | W15: =+V15+1 -> 46156 | X15: =+W15+1 -> 46157 | Y15: =+X15+1 -> 46158 | ... AR15: =+AQ15+1 -> 46177
O16: 6 | Q16: =LEFT(TEXT(Q15,"ddd"),1) -> v | R16: =LEFT(TEXT(R15,"ddd"),1) -> s | S16: =LEFT(TEXT(S15,"ddd"),1) -> d | T16: =LEFT(TEXT(T15,"ddd"),1) -> l | U16: =LEFT(TEXT(U15,"ddd"),1) -> m | V16: =LEFT(TEXT(V15,"ddd"),1) -> m | W16: =LEFT(TEXT(W15,"ddd"),1) -> j | X16: =LEFT(TEXT(X15,"ddd"),1) -> v | ... AR16: =LEFT(TEXT(AR15,"ddd"),1) -> j
B17: 1 | C17: JuanK Ánchez | D17: 9955201 A | E17: 5 | F17: 46235 | G17: =IF(F17="",E17,IF(F17<=TODAY(),E17+15,E17)) -> 20 | H17: 7 | I17: 46146 | J17: 46152 | N17: =H17+K17 -> 7 | O17: =IF(C17<>"",IF(N17>=6,"Cumple","No cumple"),"") -> Cumple | P17: =G17-N17 -> 13
B18: 2 | C18: Marí Dor Jarez | D18: 1107105269 B | E18: 3 | F18: 46069 | G18: =IF(F18="",E18,IF(F18<=TODAY(),E18+15,E18)) -> 18 | H18: 3 | I18: 46027 | J18: 46029 | K18: 10 | L18: 46069 | M18: 46082 | N18: =H18+K18 -> 13 | O18: =IF(C18<>"",IF(N18>=6,"Cumple","No cumple"),"") -> Cumple | P18: =G18-N18 -> 5
B19: 3 | C19: Dian Santi | D19: 31642000 C | E19: 0 | F19: 46086 | G19: =IF(F19="",E19,IF(F19<=TODAY(),E19+15,E19)) -> 15 | K19: 10 | L19: 46083 | M19: 46094 | N19: =H19+K19 -> 10 | O19: =IF(C19<>"",IF(N19>=6,"Cumple","No cumple"),"") -> Cumple | P19: =G19-N19 -> 5
B20: 4 | C20: Mon Ar | D20: 123456789 D | E20: 11 | F20: 46164 | G20: =IF(F20="",E20,IF(F20<=TODAY(),E20+15,E20)) -> 26 | H20: 4 | I20: 46139 | J20: 46145 | N20: =H20+K20 -> 4 | O20: =IF(C20<>"",IF(N20>=6,"Cumple","No cumple"),"") -> No cumple | P20: =G20-N20 -> 22
B21: 5 | G21: =IF(F21="",E21,IF(F21<=TODAY(),E21+15,E21)) -> 0 | N21: =H21+K21 -> 0 | O21: =IF(C21<>"",IF(N21>=6,"Cumple","No cumple"),"") | P21: =G21-N21 -> 0
B22: 6 | G22: =IF(F22="",E22,IF(F22<=TODAY(),E22+15,E22)) -> 0 | N22: =H22+K22 -> 0 | O22: =IF(C22<>"",IF(N22>=6,"Cumple","No cumple"),"") | P22: =G22-N22 -> 0
B23: 7 | G23: =IF(F23="",E23,IF(F23<=TODAY(),E23+15,E23)) -> 0 | N23: =H23+K23 -> 0 | O23: =IF(C23<>"",IF(N23>=6,"Cumple","No cumple"),"") | P23: =G23-N23 -> 0
B24: 8 | G24: =IF(F24="",E24,IF(F24<=TODAY(),E24+15,E24)) -> 0 | N24: =H24+K24 -> 0 | O24: =IF(C24<>"",IF(N24>=6,"Cumple","No cumple"),"") | P24: =G24-N24 -> 0
B25: 9 | G25: =IF(F25="",E25,IF(F25<=TODAY(),E25+15,E25)) -> 0 | N25: =H25+K25 -> 0 | O25: =IF(C25<>"",IF(N25>=6,"Cumple","No cumple"),"") | P25: =G25-N25 -> 0
B26: 10 | G26: =IF(F26="",E26,IF(F26<=TODAY(),E26+15,E26)) -> 0 | N26: =H26+K26 -> 0 | O26: =IF(C26<>"",IF(N26>=6,"Cumple","No cumple"),"") | P26: =G26-N26 -> 0
B27: 11 | G27: =IF(F27="",E27,IF(F27<=TODAY(),E27+15,E27)) -> 0 | N27: =H27+K27 -> 0 | O27: =IF(C27<>"",IF(N27>=6,"Cumple","No cumple"),"") | P27: =G27-N27 -> 0
B28: 12 | G28: =IF(F28="",E28,IF(F28<=TODAY(),E28+15,E28)) -> 0 | N28: =H28+K28 -> 0 | O28: =IF(C28<>"",IF(N28>=6,"Cumple","No cumple"),"") | P28: =G28-N28 -> 0
B29: 13 | G29: =IF(F29="",E29,IF(F29<=TODAY(),E29+15,E29)) -> 0 | N29: =H29+K29 -> 0 | O29: =IF(C29<>"",IF(N29>=6,"Cumple","No cumple"),"") | P29: =G29-N29 -> 0
B30: 14 | G30: =IF(F30="",E30,IF(F30<=TODAY(),E30+15,E30)) -> 0 | N30: =H30+K30 -> 0 | O30: =IF(C30<>"",IF(N30>=6,"Cumple","No cumple"),"") | P30: =G30-N30 -> 0
B31: 15 | G31: =IF(F31="",E31,IF(F31<=TODAY(),E31+15,E31)) -> 0 | N31: =H31+K31 -> 0 | O31: =IF(C31<>"",IF(N31>=6,"Cumple","No cumple"),"") | P31: =G31-N31 -> 0
B32: 16 | G32: =IF(F32="",E32,IF(F32<=TODAY(),E32+15,E32)) -> 0 | N32: =H32+K32 -> 0 | O32: =IF(C32<>"",IF(N32>=6,"Cumple","No cumple"),"") | P32: =G32-N32 -> 0
... B125: 109 | G125: =IF(F125="",E125,IF(F125<=TODAY(),E125+15,E125)) -> 0 | N125: =H125+K125 -> 0 | O125: =IF(C125<>"",IF(N125>=6,"Cumple","No cumple"),"") | P125: =G125-N125 -> 0

Sheet Festivos
B2: Listado de días festivos en Colombia
B4: Fecha | C4: Festivo
B5: 46023 | C5: Año Nuevo
B6: 46034 | C6: Día de los Reyes Magos
B7: 46104 | C7: Día de San José
B8: 46114 | C8: Jueves Santo
B9: 46115 | C9: Viernes Santo
B10: 46143 | C10: Día del Trabajo
B11: 46160 | C11: Ascensión de Jesús
B12: 46181 | C12: Corpus Christi
B13: 46188 | C13: Sagrado Corazón de Jesús
B14: 46202 | C14: Día de San Pedro y San Pablo
B15: 46223 | C15: Día de la Independencia
B16: 46241 | C16: Batalla de Boyacá
... B22: 46381 | C22: Navidad
